{
  "metadata": {
    "source": "Chunk #2 (section FAQ, lignes 1383-1617)",
    "language": "fr",
    "totalQuestions": 8
  },
  "title": "Vos questions, nos réponses",
  "questions": [
    {
      "id": 1,
      "question": "C'est quoi exactement ?",
      "answer": "Des auteurs-compositeurs écrivent et jouent votre histoire pour vos moments clés (2-60 min). C'est du sur-mesure narratif et musical : nous collectons votre histoire, l'écrivons avec dignité, la composons musicalement, puis la jouons en concert ou vous livrons l'enregistrement professionnel."
    },
    {
      "id": 2,
      "question": "Allez-vous comprendre notre métier ?",
      "answer": "On passe 2 semaines à capter vos enjeux : entretiens, immersion, documents. Validation par étapes (2 allers-retours inclus). Nos clients disent souvent : \"Ils ont compris mieux que nos partenaires historiques.\""
    },
    {
      "id": 3,
      "question": "Ce ne sera pas gênant ou cringe ?",
      "answer": "Jamais. On vise dignité, vérité, émotion maîtrisée. Vous validez tout avant. Notre approche est celle d'auteurs professionnels, pas d'animateurs. Le résultat est prestige culturel, pas karaoké d'entreprise."
    },
    {
      "id": 4,
      "question": "Quels délais ?",
      "answer": "3 à 8 semaines selon complexité (écriture seule : 2-3 semaines ; création complète : 3-4 semaines ; performance live : 4-5 semaines). Planning écrit dès le départ. Nous respectons les deadlines."
    },
    {
      "id": 5,
      "question": "Quel budget ?",
      "answer": "À partir de 1 200€ (texte seul), 2 500€ (création complète audio), 3 600€ (performance live). Budget moyen : 3 500 - 7 000€. Devis sur-mesure selon durée, complexité, déplacements."
    },
    {
      "id": 6,
      "question": "Et les droits ?",
      "answer": "Contrat de cession clair (durée/territoires/médias). Usage événementiel inclus. Droits d'exploitation commerciale (pub, identité sonore) : sur devis complémentaire. On adapte à vos besoins."
    },
    {
      "id": 7,
      "question": "Travaillez-vous en France entière ?",
      "answer": "Oui. Basés à Angers, nous nous déplaçons partout en France et francophonie. Rencontres initiales possibles en visio. Performance sur site ou livraison audio selon formule."
    },
    {
      "id": 8,
      "question": "Peut-on écouter des exemples avant ?",
      "answer": "Absolument. Écoutez nos extraits audio ci-dessus et parcourez notre portfolio. Premier échange offert : on vous montre comment ça marche avec un projet concret similaire au vôtre."
    }
  ]
}
