{
  "metadata": {
    "source": "src/styles/design-tokens.css (fichier complet)",
    "version": "1.0",
    "lastUpdated": "2025",
    "note": "Tokens extraits du CSS réel du projet. Prêts pour implémentation Webflow."
  },
  "colors": {
    "brand": {
      "primary": "#b95a40",
      "primaryHover": "#d16d52",
      "primaryActive": "#a04a32",
      "secondary": "#8a8a68",
      "accentCamel": "#c39d6b",
      "accentBeige": "#e6d9c3",
      "accentGold": "#f3b47a"
    },
    "base": {
      "ink": "#1d2c3b",
      "charcoal": "#2d3748",
      "parchment": "#fbf8f3",
      "sand": "#faf6f0",
      "sandDeep": "#f0e9dc"
    },
    "surfaces": {
      "bg": "#fbf8f3",
      "surface": "#faf6f0",
      "surfaceElevated": "#ffffff",
      "surfaceDimmed": "#f0e9dc",
      "surfaceContrast": "#e8e0d5"
    },
    "text": {
      "text": "#1d2c3b",
      "textSecondary": "#4a5568",
      "textTertiary": "#6b7280",
      "muted": "#9ca3af",
      "textInverse": "#fefefe",
      "textOnDark": "#f7f5f2"
    },
    "borders": {
      "border": "#ddd5c8",
      "borderStrong": "#c5b9a8"
    },
    "dark": {
      "bgDark": "#0f141a",
      "bgDark2": "#141e26",
      "heroFallbackDark": "#0f1926",
      "darkSectionBg": "#0e151b",
      "darkSectionBgEnd": "#141e26"
    },
    "semantic": {
      "accent": "#b95a40",
      "accentHover": "#d16d52",
      "ring": "#e8c4b4"
    }
  },
  "typography": {
    "fontFamilies": {
      "display": "'Playfair Display', serif",
      "serif": "'Playfair Display', serif",
      "sans": "'Inter', sans-serif",
      "body": "'Inter', sans-serif",
      "accent": "'Cormorant', serif"
    },
    "fontSizes": {
      "xs": "clamp(0.75rem, 0.7rem + 0.2vw, 0.875rem)",
      "sm": "clamp(0.875rem, 0.8rem + 0.25vw, 0.938rem)",
      "base": "clamp(1.063rem, 0.95rem + 0.4vw, 1.188rem)",
      "lg": "clamp(1.125rem, 1rem + 0.45vw, 1.375rem)",
      "xl": "clamp(1.25rem, 1.1rem + 0.6vw, 1.75rem)",
      "2xl": "clamp(1.5rem, 1.3rem + 0.8vw, 2.25rem)",
      "3xl": "clamp(2.25rem, 1.85rem + 1.2vw, 3.5rem)",
      "4xl": "clamp(3rem, 2.4rem + 2vw, 4.5rem)",
      "5xl": "clamp(3.5rem, 2.75rem + 2.75vw, 5.5rem)",
      "6xl": "clamp(3.75rem, 2.8rem + 3.5vw, 7rem)",
      "8xl": "clamp(4.5rem, 3.5rem + 5vw, 8.5rem)"
    },
    "fontSizesFixed": {
      "xxl": "clamp(2.2rem, 2vw + 1.2rem, 3.4rem)",
      "xl": "clamp(1.6rem, 1.2vw + 1rem, 2.4rem)",
      "lg": "clamp(1.25rem, 0.6vw + 0.95rem, 1.5rem)",
      "md": "1rem",
      "sm": "0.9375rem",
      "xs": "0.875rem"
    },
    "lineHeights": {
      "tight": 1.1,
      "snug": 1.3,
      "normal": 1.5,
      "relaxed": 1.7
    },
    "fontWeights": {
      "regular": 400,
      "medium": 500,
      "semibold": 600,
      "bold": 700,
      "extrabold": 800,
      "black": 900
    }
  },
  "spacing": {
    "scale": {
      "1": "0.25rem",
      "2": "0.5rem",
      "3": "0.75rem",
      "4": "1rem",
      "5": "1.25rem",
      "6": "1.5rem",
      "8": "2rem",
      "10": "2.5rem",
      "12": "3rem",
      "16": "4rem",
      "20": "5rem",
      "24": "6rem",
      "28": "7rem",
      "32": "8rem"
    },
    "layout": {
      "containerMax": "1280px",
      "containerPadding": "1.5rem",
      "textMaxWidth": "68ch",
      "headerHeight": "76px"
    }
  },
  "borderRadius": {
    "none": "0",
    "xs": "4px",
    "sm": "8px",
    "md": "12px",
    "lg": "20px",
    "xl": "24px",
    "2xl": "32px",
    "full": "9999px"
  },
  "borderRadiusAlt": {
    "xs": "0.4rem",
    "sm": "0.6rem",
    "md": "0.9rem",
    "lg": "1.2rem"
  },
  "shadows": {
    "xs": "0 1px 2px 0 rgba(0, 0, 0, 0.05)",
    "sm": "0 2px 4px 0 rgba(0, 0, 0, 0.06), 0 1px 2px 0 rgba(0, 0, 0, 0.03)",
    "default": "0 4px 8px 0 rgba(0, 0, 0, 0.08), 0 2px 4px 0 rgba(0, 0, 0, 0.04)",
    "md": "0 8px 16px 0 rgba(0, 0, 0, 0.1), 0 4px 6px 0 rgba(0, 0, 0, 0.05)",
    "lg": "0 12px 24px 0 rgba(0, 0, 0, 0.12), 0 8px 12px 0 rgba(0, 0, 0, 0.06)",
    "xl": "0 20px 40px 0 rgba(0, 0, 0, 0.14), 0 12px 20px 0 rgba(0, 0, 0, 0.08)",
    "2xl": "0 30px 60px 0 rgba(0, 0, 0, 0.16), 0 20px 30px 0 rgba(0, 0, 0, 0.1)",
    "lift": "0 16px 32px 0 rgba(0, 0, 0, 0.12), 0 8px 16px 0 rgba(0, 0, 0, 0.06)",
    "heroCta": "0 24px 48px rgba(0, 0, 0, 0.4)",
    "darkCard": "0 16px 40px rgba(0, 0, 0, 0.25)",
    "scrollCta": "0 6px 12px rgba(184, 68, 30, 0.35)"
  },
  "glow": {
    "accent": "0 0 20px rgba(232, 146, 79, 0.3)",
    "primary": "0 0 24px rgba(184, 68, 30, 0.25)"
  },
  "gradients": {
    "primary": "linear-gradient(135deg, #b8441e 0%, #e8924f 100%)",
    "gold": "linear-gradient(135deg, #e8924f 0%, #d4af37 100%)",
    "dark": "linear-gradient(135deg, #2d2d2d 0%, #7d2e2e 100%)",
    "darkRed": "linear-gradient(135deg, #7d2e2e 0%, #b8441e 100%)",
    "cream": "linear-gradient(135deg, #f5e6d3 0%, #d4af37 100%)",
    "darkBlue": "linear-gradient(135deg, #1a2332 0%, #2d2d2d 100%)",
    "heroOverlay": "linear-gradient(180deg, #080e18 0%, #0c1218 50%, transparent 100%)"
  },
  "motion": {
    "easing": {
      "outExpo": "cubic-bezier(0.16, 1, 0.3, 1)",
      "inOutExpo": "cubic-bezier(0.87, 0, 0.13, 1)",
      "smooth": "cubic-bezier(0.4, 0, 0.2, 1)",
      "default": "cubic-bezier(0.2, 0.8, 0.2, 1)"
    },
    "duration": {
      "fast": "0.15s",
      "base": "0.25s",
      "slow": "0.4s",
      "1": "0.2s",
      "2": "0.35s"
    },
    "transition": {
      "fast": "0.18s cubic-bezier(0.22, 0.9, 0.24, 1)",
      "base": "0.22s cubic-bezier(0.22, 0.9, 0.24, 1)",
      "slow": "0.26s cubic-bezier(0.22, 0.9, 0.24, 1)"
    }
  },
  "layers": {
    "sticky": 1100,
    "tooltip": 1600
  },
  "webflowMapping": {
    "notes": [
      "Utiliser les Custom CSS Variables dans Webflow (Settings > Custom Code > Head)",
      "Copier le contenu de design-tokens.css dans un tag <style> dans le Head",
      "Ensuite référencer les variables dans les styles Webflow : var(--primary), var(--space-8), etc.",
      "Pour les gradients, créer des classes CSS custom : .gradient-primary { background: var(--gradient-primary); }"
    ],
    "priorityTokens": {
      "colors": ["primary", "bg", "text", "textSecondary"],
      "spacing": ["containerMax", "containerPadding", "space-4", "space-8", "space-16"],
      "typography": ["fontFamilies", "fontSizes base/lg/2xl/4xl", "lineHeights"],
      "borderRadius": ["sm", "md", "lg"],
      "shadows": ["default", "md", "lift"]
    }
  }
}
