id,question,answer,order
1,"C'est quoi exactement ?","Des auteurs-compositeurs écrivent et jouent votre histoire pour vos moments clés (2-60 min). C'est du sur-mesure narratif et musical : nous collectons votre histoire, l'écrivons avec dignité, la composons musicalement, puis la jouons en concert ou vous livrons l'enregistrement professionnel.",1
2,"Allez-vous comprendre notre métier ?","On passe 2 semaines à capter vos enjeux : entretiens, immersion, documents. Validation par étapes (2 allers-retours inclus). Nos clients disent souvent : ""Ils ont compris mieux que nos partenaires historiques.""",2
3,"Ce ne sera pas gênant ou cringe ?","Jamais. On vise dignité, vérité, émotion maîtrisée. Vous validez tout avant. Notre approche est celle d'auteurs professionnels, pas d'animateurs. Le résultat est prestige culturel, pas karaoké d'entreprise.",3
4,"Quels délais ?","3 à 8 semaines selon complexité (écriture seule : 2-3 semaines ; création complète : 3-4 semaines ; performance live : 4-5 semaines). Planning écrit dès le départ. Nous respectons les deadlines.",4
5,"Quel budget ?","À partir de 1 200€ (texte seul), 2 500€ (création complète audio), 3 600€ (performance live). Budget moyen : 3 500 - 7 000€. Devis sur-mesure selon durée, complexité, déplacements.",5
6,"Et les droits ?","Contrat de cession clair (durée/territoires/médias). Usage événementiel inclus. Droits d'exploitation commerciale (pub, identité sonore) : sur devis complémentaire. On adapte à vos besoins.",6
7,"Travaillez-vous en France entière ?","Oui. Basés à Angers, nous nous déplaçons partout en France et francophonie. Rencontres initiales possibles en visio. Performance sur site ou livraison audio selon formule.",7
8,"Peut-on écouter des exemples avant ?","Absolument. Écoutez nos extraits audio ci-dessus et parcourez notre portfolio. Premier échange offert : on vous montre comment ça marche avec un projet concret similaire au vôtre.",8
