title,client,year,summary,tag,category,clientFilter,typeFilter,gradient,image1,image2,image3
"La force de la douceur","Département Maine-et-Loire","2024","Hymne officiel célébrant l'identité et les valeurs du département. Performance inaugurale devant 500 invités.","Hymne officiel","institutions","institution","brand","linear-gradient(135deg, #b8441e 0%, #e8924f 100%)","[placeholder-hymne-1.webp]","",""
"Série promotionnelle agricole","Destination Angers / SIVAL","2025","Récits musicaux pour valoriser l'innovation agricole lors du plus grand salon européen.","Récit narratif","entreprises","institution","brand","linear-gradient(135deg, #e8924f 0%, #d4af37 100%)","[placeholder-sival-1.webp]","",""
"25 ans & passation","Atelier Lacour","2024","Métaphore de la forêt pour célébrer un quart de siècle et préparer la transmission.","Anniversaire","entreprises","entreprise","brand","linear-gradient(135deg, #2d2d2d 0%, #7d2e2e 100%)","[placeholder-lacour-1.webp]","",""
"Histoires de résilience","Réseau Cocagne","2024","Collectage et mise en musique de parcours de réinsertion pour un réseau national.","Portraits","institutions","institution","mediation","linear-gradient(135deg, #f5e6d3 0%, #d4af37 100%)","[placeholder-cocagne-1.webp]","",""
"État de nature","PNR Loire-Anjou-Touraine","2023 →","Spectacle immersif joué plus de 40 fois en pleine nature. Création phare du studio.","Spectacle","spectacles","institution","immersive","linear-gradient(135deg, #7d2e2e 0%, #b8441e 100%)","[placeholder-etat-nature-1.webp]","[placeholder-etat-nature-2.webp]","[placeholder-etat-nature-3.webp]"
"Déambulation historique XVe s.","Ville de Clisson","2023","Récit immersif médiéval pour faire revivre l'histoire de la cité aux visiteurs.","Immersif","institutions","institution","immersive","linear-gradient(135deg, #1a2332 0%, #2d2d2d 100%)","[placeholder-clisson-1.webp]","",""
